SiteId,SiteName,ItemId,ItemName,ItemEngName,ItemUnit,MonitorDate,Concentration
1,基隆,1,二氧化硫,SO2,ppb,2019-09-18,1.1
1,基隆,2,一氧化碳,CO,ppm,2019-09-18,.19
1,基隆,3,臭氧,O3,ppb,2019-09-18,47.3
1,基隆,4,懸浮微粒,PM10,μg/m3,2019-09-18,41
1,基隆,5,氮氧化物,NOx,ppb,2019-09-18,7.18
1,基隆,6,一氧化氮,NO,ppb,2019-09-18,2.21
1,基隆,7,二氧化氮,NO2,ppb,2019-09-18,4.97
1,基隆,8,總碳氫化合物,THC,ppm,2019-09-18,1.807
1,基隆,9,非甲烷碳氫化合物,NMHC,ppm,2019-09-18,.032
1,基隆,10,風速,WIND_SPEED,m/sec,2019-09-18,1.39
1,基隆,14,溫度,AMB_TEMP,℃,2019-09-18,26.74
1,基隆,31,甲烷,CH4,ppm,2019-09-18,1.775
1,基隆,33,細懸浮微粒,PM2.5,μg/m3,2019-09-18,9
1,基隆,38,相對濕度,RH,percent,2019-09-18,77.08
1,基隆,143,小時風速值,WS_HR,m/sec,2019-09-18,.74
2,汐止,1,二氧化硫,SO2,ppb,2019-09-18,.8
2,汐止,2,一氧化碳,CO,ppm,2019-09-18,.23
2,汐止,3,臭氧,O3,ppb,2019-09-18,45.1
2,汐止,4,懸浮微粒,PM10,μg/m3,2019-09-18,38
2,汐止,5,氮氧化物,NOx,ppb,2019-09-18,9.13
2,汐止,6,一氧化氮,NO,ppb,2019-09-18,1.81
2,汐止,7,二氧化氮,NO2,ppb,2019-09-18,7.32
2,汐止,10,風速,WIND_SPEED,m/sec,2019-09-18,2.11
2,汐止,14,溫度,AMB_TEMP,℃,2019-09-18,26.65
2,汐止,33,細懸浮微粒,PM2.5,μg/m3,2019-09-18,13
2,汐止,38,相對濕度,RH,percent,2019-09-18,77.88
2,汐止,143,小時風速值,WS_HR,m/sec,2019-09-18,1.71
3,萬里,1,二氧化硫,SO2,ppb,2019-09-18,1.9
3,萬里,2,一氧化碳,CO,ppm,2019-09-18,.15
3,萬里,3,臭氧,O3,ppb,2019-09-18,58.1
3,萬里,4,懸浮微粒,PM10,μg/m3,2019-09-18,86
3,萬里,5,氮氧化物,NOx,ppb,2019-09-18,1.51
3,萬里,6,一氧化氮,NO,ppb,2019-09-18,.28
3,萬里,7,二氧化氮,NO2,ppb,2019-09-18,1.24
3,萬里,10,風速,WIND_SPEED,m/sec,2019-09-18,8.63
3,萬里,14,溫度,AMB_TEMP,℃,2019-09-18,27.09
3,萬里,21,酸雨,PH_RAIN,pH,2019-09-18,5.19
3,萬里,22,導電度,RAIN_COND,μmho/cm,2019-09-18,167.75
3,萬里,32,降雨強度,RAIN_INT,㎜,2019-09-18,.75
3,萬里,33,細懸浮微粒,PM2.5,μg/m3,2019-09-18,19
3,萬里,38,相對濕度,RH,percent,2019-09-18,75.5
3,萬里,143,小時風速值,WS_HR,m/sec,2019-09-18,8.63
4,新店,1,二氧化硫,SO2,ppb,2019-09-18,1.6
4,新店,2,一氧化碳,CO,ppm,2019-09-18,.31
4,新店,3,臭氧,O3,ppb,2019-09-18,38.2
4,新店,4,懸浮微粒,PM10,μg/m3,2019-09-18,32
4,新店,5,氮氧化物,NOx,ppb,2019-09-18,9.85
4,新店,6,一氧化氮,NO,ppb,2019-09-18,1.7
4,新店,7,二氧化氮,NO2,ppb,2019-09-18,8.15
4,新店,10,風速,WIND_SPEED,m/sec,2019-09-18,1.76
4,新店,14,溫度,AMB_TEMP,℃,2019-09-18,26.25
4,新店,33,細懸浮微粒,PM2.5,μg/m3,2019-09-18,16
4,新店,38,相對濕度,RH,percent,2019-09-18,72.38
4,新店,143,小時風速值,WS_HR,m/sec,2019-09-18,1.18
5,土城,1,二氧化硫,SO2,ppb,2019-09-18,.5
5,土城,2,一氧化碳,CO,ppm,2019-09-18,.31
5,土城,3,臭氧,O3,ppb,2019-09-18,43
5,土城,4,懸浮微粒,PM10,μg/m3,2019-09-18,33
5,土城,5,氮氧化物,NOx,ppb,2019-09-18,11.57
5,土城,6,一氧化氮,NO,ppb,2019-09-18,2
5,土城,7,二氧化氮,NO2,ppb,2019-09-18,9.57
5,土城,8,總碳氫化合物,THC,ppm,2019-09-18,1.926
5,土城,9,非甲烷碳氫化合物,NMHC,ppm,2019-09-18,.111
5,土城,10,風速,WIND_SPEED,m/sec,2019-09-18,1.36
5,土城,14,溫度,AMB_TEMP,℃,2019-09-18,26.57
5,土城,31,甲烷,CH4,ppm,2019-09-18,1.815
5,土城,33,細懸浮微粒,PM2.5,μg/m3,2019-09-18,16
5,土城,38,相對濕度,RH,percent,2019-09-18,71.43
5,土城,143,小時風速值,WS_HR,m/sec,2019-09-18,.78
6,板橋,1,二氧化硫,SO2,ppb,2019-09-18,1.5
6,板橋,2,一氧化碳,CO,ppm,2019-09-18,.36
6,板橋,3,臭氧,O3,ppb,2019-09-18,37.9
6,板橋,4,懸浮微粒,PM10,μg/m3,2019-09-18,35
6,板橋,5,氮氧化物,NOx,ppb,2019-09-18,18.92
6,板橋,6,一氧化氮,NO,ppb,2019-09-18,3.1
6,板橋,7,二氧化氮,NO2,ppb,2019-09-18,15.82
6,板橋,8,總碳氫化合物,THC,ppm,2019-09-18,1.996
6,板橋,9,非甲烷碳氫化合物,NMHC,ppm,2019-09-18,.124
6,板橋,10,風速,WIND_SPEED,m/sec,2019-09-18,2.34
6,板橋,14,溫度,AMB_TEMP,℃,2019-09-18,26.45
6,板橋,21,酸雨,PH_RAIN,pH,2019-09-18,6.37
6,板橋,22,導電度,RAIN_COND,μmho/cm,2019-09-18,138.9
6,板橋,31,甲烷,CH4,ppm,2019-09-18,1.873
6,板橋,32,降雨強度,RAIN_INT,㎜,2019-09-18,.5
6,板橋,33,細懸浮微粒,PM2.5,μg/m3,2019-09-18,14
6,板橋,38,相對濕度,RH,percent,2019-09-18,68.9
6,板橋,143,小時風速值,WS_HR,m/sec,2019-09-18,2.02
7,新莊,1,二氧化硫,SO2,ppb,2019-09-18,2.2
7,新莊,2,一氧化碳,CO,ppm,2019-09-18,.33
7,新莊,3,臭氧,O3,ppb,2019-09-18,37.8
7,新莊,4,懸浮微粒,PM10,μg/m3,2019-09-18,34
7,新莊,5,氮氧化物,NOx,ppb,2019-09-18,15.86
7,新莊,6,一氧化氮,NO,ppb,2019-09-18,2.58
7,新莊,7,二氧化氮,NO2,ppb,2019-09-18,13.28
7,新莊,10,風速,WIND_SPEED,m/sec,2019-09-18,3.12
7,新莊,14,溫度,AMB_TEMP,℃,2019-09-18,27.18
7,新莊,33,細懸浮微粒,PM2.5,μg/m3,2019-09-18,12
7,新莊,38,相對濕度,RH,percent,2019-09-18,63.43
7,新莊,143,小時風速值,WS_HR,m/sec,2019-09-18,2.88
8,菜寮,1,二氧化硫,SO2,ppb,2019-09-18,1.3
8,菜寮,2,一氧化碳,CO,ppm,2019-09-18,.35
8,菜寮,3,臭氧,O3,ppb,2019-09-18,37.1
8,菜寮,4,懸浮微粒,PM10,μg/m3,2019-09-18,33
8,菜寮,5,氮氧化物,NOx,ppb,2019-09-18,15.04
8,菜寮,6,一氧化氮,NO,ppb,2019-09-18,2.77
8,菜寮,7,二氧化氮,NO2,ppb,2019-09-18,12.27
8,菜寮,10,風速,WIND_SPEED,m/sec,2019-09-18,2.32
8,菜寮,14,溫度,AMB_TEMP,℃,2019-09-18,26.91
8,菜寮,33,細懸浮微粒,PM2.5,μg/m3,2019-09-18,11
8,菜寮,38,相對濕度,RH,percent,2019-09-18,68
8,菜寮,143,小時風速值,WS_HR,m/sec,2019-09-18,1.68
9,林口,1,二氧化硫,SO2,ppb,2019-09-18,1.4
9,林口,2,一氧化碳,CO,ppm,2019-09-18,.19
9,林口,3,臭氧,O3,ppb,2019-09-18,48.4
9,林口,4,懸浮微粒,PM10,μg/m3,2019-09-18,33
9,林口,5,氮氧化物,NOx,ppb,2019-09-18,9.87
9,林口,6,一氧化氮,NO,ppb,2019-09-18,2.35
9,林口,7,二氧化氮,NO2,ppb,2019-09-18,7.52
9,林口,10,風速,WIND_SPEED,m/sec,2019-09-18,4.5
9,林口,14,溫度,AMB_TEMP,℃,2019-09-18,24.12
9,林口,33,細懸浮微粒,PM2.5,μg/m3,2019-09-18,12
9,林口,38,相對濕度,RH,percent,2019-09-18,79.23
9,林口,143,小時風速值,WS_HR,m/sec,2019-09-18,4.08
10,淡水,1,二氧化硫,SO2,ppb,2019-09-18,1.4
10,淡水,2,一氧化碳,CO,ppm,2019-09-18,.19
10,淡水,3,臭氧,O3,ppb,2019-09-18,48.4
10,淡水,4,懸浮微粒,PM10,μg/m3,2019-09-18,33
10,淡水,5,氮氧化物,NOx,ppb,2019-09-18,3.82
10,淡水,6,一氧化氮,NO,ppb,2019-09-18,.55
10,淡水,7,二氧化氮,NO2,ppb,2019-09-18,3.31
10,淡水,10,風速,WIND_SPEED,m/sec,2019-09-18,1.6
10,淡水,14,溫度,AMB_TEMP,℃,2019-09-18,25.64
10,淡水,33,細懸浮微粒,PM2.5,μg/m3,2019-09-18,15
10,淡水,38,相對濕度,RH,percent,2019-09-18,77.88
11,士林,1,二氧化硫,SO2,ppb,2019-09-18,2
11,士林,2,一氧化碳,CO,ppm,2019-09-18,.22
11,士林,3,臭氧,O3,ppb,2019-09-18,48.8
11,士林,4,懸浮微粒,PM10,μg/m3,2019-09-18,32
11,士林,5,氮氧化物,NOx,ppb,2019-09-18,6.23
11,士林,6,一氧化氮,NO,ppb,2019-09-18,.5
11,士林,7,二氧化氮,NO2,ppb,2019-09-18,5.76
11,士林,10,風速,WIND_SPEED,m/sec,2019-09-18,3.3
11,士林,14,溫度,AMB_TEMP,℃,2019-09-18,x
11,士林,33,細懸浮微粒,PM2.5,μg/m3,2019-09-18,x
11,士林,38,相對濕度,RH,percent,2019-09-18,69.46
11,士林,143,小時風速值,WS_HR,m/sec,2019-09-18,2.8
12,中山,1,二氧化硫,SO2,ppb,2019-09-18,1.1
12,中山,2,一氧化碳,CO,ppm,2019-09-18,.37
12,中山,3,臭氧,O3,ppb,2019-09-18,36.5
12,中山,4,懸浮微粒,PM10,μg/m3,2019-09-18,33
12,中山,5,氮氧化物,NOx,ppb,2019-09-18,19.63
12,中山,6,一氧化氮,NO,ppb,2019-09-18,3.41
12,中山,7,二氧化氮,NO2,ppb,2019-09-18,16.22
12,中山,8,總碳氫化合物,THC,ppm,2019-09-18,1.835
12,中山,9,非甲烷碳氫化合物,NMHC,ppm,2019-09-18,.095
12,中山,10,風速,WIND_SPEED,m/sec,2019-09-18,1.75
12,中山,14,溫度,AMB_TEMP,℃,2019-09-18,26.6
12,中山,31,甲烷,CH4,ppm,2019-09-18,1.739
12,中山,33,細懸浮微粒,PM2.5,μg/m3,2019-09-18,14
12,中山,38,相對濕度,RH,percent,2019-09-18,73.32
12,中山,143,小時風速值,WS_HR,m/sec,2019-09-18,.88
13,萬華,1,二氧化硫,SO2,ppb,2019-09-18,1.3
13,萬華,2,一氧化碳,CO,ppm,2019-09-18,.35
13,萬華,3,臭氧,O3,ppb,2019-09-18,34.9
13,萬華,4,懸浮微粒,PM10,μg/m3,2019-09-18,35
13,萬華,5,氮氧化物,NOx,ppb,2019-09-18,19.22
13,萬華,6,一氧化氮,NO,ppb,2019-09-18,2.67
13,萬華,7,二氧化氮,NO2,ppb,2019-09-18,16.55
13,萬華,10,風速,WIND_SPEED,m/sec,2019-09-18,1.66
13,萬華,14,溫度,AMB_TEMP,℃,2019-09-18,27.06
13,萬華,33,細懸浮微粒,PM2.5,μg/m3,2019-09-18,10
13,萬華,38,相對濕度,RH,percent,2019-09-18,70.32
13,萬華,143,小時風速值,WS_HR,m/sec,2019-09-18,1.23
14,古亭,1,二氧化硫,SO2,ppb,2019-09-18,1.7
14,古亭,2,一氧化碳,CO,ppm,2019-09-18,.28
14,古亭,3,臭氧,O3,ppb,2019-09-18,39.9
14,古亭,4,懸浮微粒,PM10,μg/m3,2019-09-18,34
14,古亭,5,氮氧化物,NOx,ppb,2019-09-18,12.47
14,古亭,6,一氧化氮,NO,ppb,2019-09-18,.74
14,古亭,7,二氧化氮,NO2,ppb,2019-09-18,11.71
14,古亭,8,總碳氫化合物,THC,ppm,2019-09-18,2.003
14,古亭,9,非甲烷碳氫化合物,NMHC,ppm,2019-09-18,.08
14,古亭,10,風速,WIND_SPEED,m/sec,2019-09-18,1.39
14,古亭,14,溫度,AMB_TEMP,℃,2019-09-18,26.28
14,古亭,31,甲烷,CH4,ppm,2019-09-18,1.923
14,古亭,33,細懸浮微粒,PM2.5,μg/m3,2019-09-18,13
14,古亭,38,相對濕度,RH,percent,2019-09-18,73.39
14,古亭,143,小時風速值,WS_HR,m/sec,2019-09-18,.91
15,松山,1,二氧化硫,SO2,ppb,2019-09-18,1.6
15,松山,2,一氧化碳,CO,ppm,2019-09-18,.24
15,松山,3,臭氧,O3,ppb,2019-09-18,45.8
15,松山,4,懸浮微粒,PM10,μg/m3,2019-09-18,37
15,松山,5,氮氧化物,NOx,ppb,2019-09-18,10.55
15,松山,6,一氧化氮,NO,ppb,2019-09-18,2.71
15,松山,7,二氧化氮,NO2,ppb,2019-09-18,7.84
15,松山,8,總碳氫化合物,THC,ppm,2019-09-18,1.707
15,松山,9,非甲烷碳氫化合物,NMHC,ppm,2019-09-18,.048
15,松山,10,風速,WIND_SPEED,m/sec,2019-09-18,2.42
15,松山,14,溫度,AMB_TEMP,℃,2019-09-18,26.31
15,松山,31,甲烷,CH4,ppm,2019-09-18,1.659
15,松山,33,細懸浮微粒,PM2.5,μg/m3,2019-09-18,12
15,松山,36,二氧化碳,CO2,ppm,2019-09-18,412.3
15,松山,38,相對濕度,RH,percent,2019-09-18,73.96
15,松山,143,小時風速值,WS_HR,m/sec,2019-09-18,1.91
16,大同,1,二氧化硫,SO2,ppb,2019-09-18,1.5
16,大同,2,一氧化碳,CO,ppm,2019-09-18,.82
16,大同,4,懸浮微粒,PM10,μg/m3,2019-09-18,39
16,大同,5,氮氧化物,NOx,ppb,2019-09-18,60.11
16,大同,6,一氧化氮,NO,ppb,2019-09-18,30.47
16,大同,7,二氧化氮,NO2,ppb,2019-09-18,29.64
16,大同,8,總碳氫化合物,THC,ppm,2019-09-18,2.12
16,大同,9,非甲烷碳氫化合物,NMHC,ppm,2019-09-18,.205
16,大同,31,甲烷,CH4,ppm,2019-09-18,1.915
16,大同,33,細懸浮微粒,PM2.5,μg/m3,2019-09-18,15
17,桃園,1,二氧化硫,SO2,ppb,2019-09-18,2.6
17,桃園,2,一氧化碳,CO,ppm,2019-09-18,.36
17,桃園,3,臭氧,O3,ppb,2019-09-18,39.2
17,桃園,4,懸浮微粒,PM10,μg/m3,2019-09-18,34
17,桃園,5,氮氧化物,NOx,ppb,2019-09-18,13.66
17,桃園,6,一氧化氮,NO,ppb,2019-09-18,1.09
17,桃園,7,二氧化氮,NO2,ppb,2019-09-18,12.58
17,桃園,8,總碳氫化合物,THC,ppm,2019-09-18,2.055
17,桃園,9,非甲烷碳氫化合物,NMHC,ppm,2019-09-18,.118
17,桃園,10,風速,WIND_SPEED,m/sec,2019-09-18,2.17
17,桃園,14,溫度,AMB_TEMP,℃,2019-09-18,26.79
17,桃園,31,甲烷,CH4,ppm,2019-09-18,1.937
17,桃園,33,細懸浮微粒,PM2.5,μg/m3,2019-09-18,13
17,桃園,38,相對濕度,RH,percent,2019-09-18,76.81
17,桃園,143,小時風速值,WS_HR,m/sec,2019-09-18,1.94
18,大園,1,二氧化硫,SO2,ppb,2019-09-18,x
18,大園,2,一氧化碳,CO,ppm,2019-09-18,.18
18,大園,3,臭氧,O3,ppb,2019-09-18,48.3
18,大園,4,懸浮微粒,PM10,μg/m3,2019-09-18,36
18,大園,5,氮氧化物,NOx,ppb,2019-09-18,13.77
18,大園,6,一氧化氮,NO,ppb,2019-09-18,2.09
18,大園,7,二氧化氮,NO2,ppb,2019-09-18,11.68
18,大園,10,風速,WIND_SPEED,m/sec,2019-09-18,6.81
18,大園,14,溫度,AMB_TEMP,℃,2019-09-18,26.03
18,大園,33,細懸浮微粒,PM2.5,μg/m3,2019-09-18,12
18,大園,38,相對濕度,RH,percent,2019-09-18,71.64
18,大園,143,小時風速值,WS_HR,m/sec,2019-09-18,6.32
19,觀音,1,二氧化硫,SO2,ppb,2019-09-18,1.9
19,觀音,2,一氧化碳,CO,ppm,2019-09-18,.18
19,觀音,3,臭氧,O3,ppb,2019-09-18,50.5
19,觀音,4,懸浮微粒,PM10,μg/m3,2019-09-18,40
19,觀音,5,氮氧化物,NOx,ppb,2019-09-18,7.95
19,觀音,6,一氧化氮,NO,ppb,2019-09-18,.53
19,觀音,7,二氧化氮,NO2,ppb,2019-09-18,7.43
19,觀音,10,風速,WIND_SPEED,m/sec,2019-09-18,6.42
19,觀音,14,溫度,AMB_TEMP,℃,2019-09-18,25.49
19,觀音,21,酸雨,PH_RAIN,pH,2019-09-18,4.71
19,觀音,22,導電度,RAIN_COND,μmho/cm,2019-09-18,128.52
19,觀音,32,降雨強度,RAIN_INT,㎜,2019-09-18,1.2
19,觀音,33,細懸浮微粒,PM2.5,μg/m3,2019-09-18,15
19,觀音,38,相對濕度,RH,percent,2019-09-18,80
19,觀音,143,小時風速值,WS_HR,m/sec,2019-09-18,6.02
20,平鎮,1,二氧化硫,SO2,ppb,2019-09-18,2.3
20,平鎮,2,一氧化碳,CO,ppm,2019-09-18,.34
20,平鎮,3,臭氧,O3,ppb,2019-09-18,41.2
20,平鎮,4,懸浮微粒,PM10,μg/m3,2019-09-18,39
20,平鎮,5,氮氧化物,NOx,ppb,2019-09-18,16.88
20,平鎮,6,一氧化氮,NO,ppb,2019-09-18,1.99
20,平鎮,7,二氧化氮,NO2,ppb,2019-09-18,14.89
20,平鎮,10,風速,WIND_SPEED,m/sec,2019-09-18,3.06
20,平鎮,14,溫度,AMB_TEMP,℃,2019-09-18,25.65
20,平鎮,33,細懸浮微粒,PM2.5,μg/m3,2019-09-18,13
20,平鎮,38,相對濕度,RH,percent,2019-09-18,77.25
20,平鎮,143,小時風速值,WS_HR,m/sec,2019-09-18,2.83
21,龍潭,1,二氧化硫,SO2,ppb,2019-09-18,2.1
21,龍潭,2,一氧化碳,CO,ppm,2019-09-18,.3
21,龍潭,3,臭氧,O3,ppb,2019-09-18,44.8
21,龍潭,4,懸浮微粒,PM10,μg/m3,2019-09-18,32
21,龍潭,5,氮氧化物,NOx,ppb,2019-09-18,11.18
21,龍潭,6,一氧化氮,NO,ppb,2019-09-18,1.76
21,龍潭,7,二氧化氮,NO2,ppb,2019-09-18,9.42
21,龍潭,10,風速,WIND_SPEED,m/sec,2019-09-18,3.83
21,龍潭,14,溫度,AMB_TEMP,℃,2019-09-18,24.5
21,龍潭,33,細懸浮微粒,PM2.5,μg/m3,2019-09-18,10
21,龍潭,38,相對濕度,RH,percent,2019-09-18,80.63
21,龍潭,143,小時風速值,WS_HR,m/sec,2019-09-18,3.54
22,湖口,1,二氧化硫,SO2,ppb,2019-09-18,1.8
22,湖口,2,一氧化碳,CO,ppm,2019-09-18,.21
22,湖口,3,臭氧,O3,ppb,2019-09-18,46.9
22,湖口,4,懸浮微粒,PM10,μg/m3,2019-09-18,37
22,湖口,5,氮氧化物,NOx,ppb,2019-09-18,7.96
22,湖口,6,一氧化氮,NO,ppb,2019-09-18,.4
22,湖口,7,二氧化氮,NO2,ppb,2019-09-18,7.62
22,湖口,10,風速,WIND_SPEED,m/sec,2019-09-18,4.49
22,湖口,14,溫度,AMB_TEMP,℃,2019-09-18,25.63
22,湖口,33,細懸浮微粒,PM2.5,μg/m3,2019-09-18,14
22,湖口,38,相對濕度,RH,percent,2019-09-18,83.24
22,湖口,143,小時風速值,WS_HR,m/sec,2019-09-18,4.17
23,竹東,1,二氧化硫,SO2,ppb,2019-09-18,1.5
23,竹東,2,一氧化碳,CO,ppm,2019-09-18,.19
23,竹東,3,臭氧,O3,ppb,2019-09-18,52
23,竹東,4,懸浮微粒,PM10,μg/m3,2019-09-18,27
23,竹東,5,氮氧化物,NOx,ppb,2019-09-18,4.51
23,竹東,6,一氧化氮,NO,ppb,2019-09-18,1.22
23,竹東,7,二氧化氮,NO2,ppb,2019-09-18,3.29
23,竹東,10,風速,WIND_SPEED,m/sec,2019-09-18,4.39
23,竹東,14,溫度,AMB_TEMP,℃,2019-09-18,25.96
23,竹東,33,細懸浮微粒,PM2.5,μg/m3,2019-09-18,11
23,竹東,38,相對濕度,RH,percent,2019-09-18,73.19
23,竹東,143,小時風速值,WS_HR,m/sec,2019-09-18,4.06
24,新竹,1,二氧化硫,SO2,ppb,2019-09-18,1.5
24,新竹,2,一氧化碳,CO,ppm,2019-09-18,.25
24,新竹,3,臭氧,O3,ppb,2019-09-18,46.8
24,新竹,4,懸浮微粒,PM10,μg/m3,2019-09-18,33
24,新竹,5,氮氧化物,NOx,ppb,2019-09-18,10.16
24,新竹,6,一氧化氮,NO,ppb,2019-09-18,.76
24,新竹,7,二氧化氮,NO2,ppb,2019-09-18,9.35
24,新竹,8,總碳氫化合物,THC,ppm,2019-09-18,1.657
24,新竹,9,非甲烷碳氫化合物,NMHC,ppm,2019-09-18,.027
24,新竹,10,風速,WIND_SPEED,m/sec,2019-09-18,3.62
24,新竹,14,溫度,AMB_TEMP,℃,2019-09-18,26.84
24,新竹,31,甲烷,CH4,ppm,2019-09-18,1.63
24,新竹,33,細懸浮微粒,PM2.5,μg/m3,2019-09-18,16
24,新竹,38,相對濕度,RH,percent,2019-09-18,71.93
24,新竹,143,小時風速值,WS_HR,m/sec,2019-09-18,2.88
25,頭份,1,二氧化硫,SO2,ppb,2019-09-18,.4
25,頭份,2,一氧化碳,CO,ppm,2019-09-18,.23
25,頭份,3,臭氧,O3,ppb,2019-09-18,47.4
25,頭份,4,懸浮微粒,PM10,μg/m3,2019-09-18,35
25,頭份,5,氮氧化物,NOx,ppb,2019-09-18,9.88
25,頭份,6,一氧化氮,NO,ppb,2019-09-18,1.72
25,頭份,7,二氧化氮,NO2,ppb,2019-09-18,8.16
25,頭份,8,總碳氫化合物,THC,ppm,2019-09-18,1.929
25,頭份,9,非甲烷碳氫化合物,NMHC,ppm,2019-09-18,.053
25,頭份,10,風速,WIND_SPEED,m/sec,2019-09-18,4.27
25,頭份,14,溫度,AMB_TEMP,℃,2019-09-18,26.91
25,頭份,31,甲烷,CH4,ppm,2019-09-18,1.876
25,頭份,33,細懸浮微粒,PM2.5,μg/m3,2019-09-18,17
25,頭份,38,相對濕度,RH,percent,2019-09-18,73.33
25,頭份,143,小時風速值,WS_HR,m/sec,2019-09-18,3.76
26,苗栗,1,二氧化硫,SO2,ppb,2019-09-18,x
26,苗栗,2,一氧化碳,CO,ppm,2019-09-18,x
26,苗栗,3,臭氧,O3,ppb,2019-09-18,x
26,苗栗,4,懸浮微粒,PM10,μg/m3,2019-09-18,x
26,苗栗,5,氮氧化物,NOx,ppb,2019-09-18,x
26,苗栗,6,一氧化氮,NO,ppb,2019-09-18,x
26,苗栗,7,二氧化氮,NO2,ppb,2019-09-18,x
26,苗栗,10,風速,WIND_SPEED,m/sec,2019-09-18,x
26,苗栗,14,溫度,AMB_TEMP,℃,2019-09-18,x
26,苗栗,33,細懸浮微粒,PM2.5,μg/m3,2019-09-18,x
26,苗栗,38,相對濕度,RH,percent,2019-09-18,x
26,苗栗,143,小時風速值,WS_HR,m/sec,2019-09-18,x
27,三義,1,二氧化硫,SO2,ppb,2019-09-18,1.7
27,三義,2,一氧化碳,CO,ppm,2019-09-18,.16
27,三義,3,臭氧,O3,ppb,2019-09-18,51.1
27,三義,4,懸浮微粒,PM10,μg/m3,2019-09-18,29
27,三義,5,氮氧化物,NOx,ppb,2019-09-18,4.19
27,三義,6,一氧化氮,NO,ppb,2019-09-18,.38
27,三義,7,二氧化氮,NO2,ppb,2019-09-18,3.79
27,三義,10,風速,WIND_SPEED,m/sec,2019-09-18,6.27
27,三義,14,溫度,AMB_TEMP,℃,2019-09-18,24.55
27,三義,21,酸雨,PH_RAIN,pH,2019-09-18,0
27,三義,22,導電度,RAIN_COND,μmho/cm,2019-09-18,0
27,三義,32,降雨強度,RAIN_INT,㎜,2019-09-18,0
27,三義,33,細懸浮微粒,PM2.5,μg/m3,2019-09-18,10
27,三義,38,相對濕度,RH,percent,2019-09-18,74.44
27,三義,143,小時風速值,WS_HR,m/sec,2019-09-18,5.89
28,豐原,1,二氧化硫,SO2,ppb,2019-09-18,.7
28,豐原,2,一氧化碳,CO,ppm,2019-09-18,.19
28,豐原,3,臭氧,O3,ppb,2019-09-18,45.3
28,豐原,4,懸浮微粒,PM10,μg/m3,2019-09-18,30
28,豐原,5,氮氧化物,NOx,ppb,2019-09-18,5.64
28,豐原,6,一氧化氮,NO,ppb,2019-09-18,1.37
28,豐原,7,二氧化氮,NO2,ppb,2019-09-18,4.27
28,豐原,8,總碳氫化合物,THC,ppm,2019-09-18,1.748
28,豐原,9,非甲烷碳氫化合物,NMHC,ppm,2019-09-18,.038
28,豐原,10,風速,WIND_SPEED,m/sec,2019-09-18,2.96
28,豐原,14,溫度,AMB_TEMP,℃,2019-09-18,26.68
28,豐原,31,甲烷,CH4,ppm,2019-09-18,1.71
28,豐原,33,細懸浮微粒,PM2.5,μg/m3,2019-09-18,10
28,豐原,38,相對濕度,RH,percent,2019-09-18,64.52
28,豐原,143,小時風速值,WS_HR,m/sec,2019-09-18,2.51
29,沙鹿,1,二氧化硫,SO2,ppb,2019-09-18,1.7
29,沙鹿,2,一氧化碳,CO,ppm,2019-09-18,.2
29,沙鹿,3,臭氧,O3,ppb,2019-09-18,52.6
29,沙鹿,4,懸浮微粒,PM10,μg/m3,2019-09-18,52
29,沙鹿,5,氮氧化物,NOx,ppb,2019-09-18,6.09
29,沙鹿,6,一氧化氮,NO,ppb,2019-09-18,.9
29,沙鹿,7,二氧化氮,NO2,ppb,2019-09-18,5.19
29,沙鹿,10,風速,WIND_SPEED,m/sec,2019-09-18,6.7
29,沙鹿,14,溫度,AMB_TEMP,℃,2019-09-18,27.55
29,沙鹿,33,細懸浮微粒,PM2.5,μg/m3,2019-09-18,14
29,沙鹿,38,相對濕度,RH,percent,2019-09-18,70.06
29,沙鹿,143,小時風速值,WS_HR,m/sec,2019-09-18,6.24
30,大里,1,二氧化硫,SO2,ppb,2019-09-18,2.2
30,大里,2,一氧化碳,CO,ppm,2019-09-18,.29
30,大里,3,臭氧,O3,ppb,2019-09-18,43.3
30,大里,4,懸浮微粒,PM10,μg/m3,2019-09-18,30
30,大里,5,氮氧化物,NOx,ppb,2019-09-18,10.04
30,大里,6,一氧化氮,NO,ppb,2019-09-18,1.37
30,大里,7,二氧化氮,NO2,ppb,2019-09-18,8.67
30,大里,8,總碳氫化合物,THC,ppm,2019-09-18,1.824
30,大里,9,非甲烷碳氫化合物,NMHC,ppm,2019-09-18,.065
30,大里,10,風速,WIND_SPEED,m/sec,2019-09-18,2.73
30,大里,14,溫度,AMB_TEMP,℃,2019-09-18,28.81
30,大里,31,甲烷,CH4,ppm,2019-09-18,1.76
30,大里,33,細懸浮微粒,PM2.5,μg/m3,2019-09-18,9
30,大里,36,二氧化碳,CO2,ppm,2019-09-18,412.46
30,大里,38,相對濕度,RH,percent,2019-09-18,54.92
30,大里,143,小時風速值,WS_HR,m/sec,2019-09-18,2.15
31,忠明,1,二氧化硫,SO2,ppb,2019-09-18,2.4
31,忠明,2,一氧化碳,CO,ppm,2019-09-18,.21
31,忠明,3,臭氧,O3,ppb,2019-09-18,45.1
31,忠明,4,懸浮微粒,PM10,μg/m3,2019-09-18,37
31,忠明,5,氮氧化物,NOx,ppb,2019-09-18,9.91
31,忠明,6,一氧化氮,NO,ppb,2019-09-18,.65
31,忠明,7,二氧化氮,NO2,ppb,2019-09-18,9.27
31,忠明,8,總碳氫化合物,THC,ppm,2019-09-18,1.771
31,忠明,9,非甲烷碳氫化合物,NMHC,ppm,2019-09-18,.035
31,忠明,10,風速,WIND_SPEED,m/sec,2019-09-18,3.14
31,忠明,14,溫度,AMB_TEMP,℃,2019-09-18,29.65
31,忠明,31,甲烷,CH4,ppm,2019-09-18,1.736
31,忠明,33,細懸浮微粒,PM2.5,μg/m3,2019-09-18,12
31,忠明,38,相對濕度,RH,percent,2019-09-18,63.15
31,忠明,143,小時風速值,WS_HR,m/sec,2019-09-18,2.23
32,西屯,1,二氧化硫,SO2,ppb,2019-09-18,1.7
32,西屯,2,一氧化碳,CO,ppm,2019-09-18,.21
32,西屯,3,臭氧,O3,ppb,2019-09-18,51.2
32,西屯,4,懸浮微粒,PM10,μg/m3,2019-09-18,42
32,西屯,5,氮氧化物,NOx,ppb,2019-09-18,4.7
32,西屯,6,一氧化氮,NO,ppb,2019-09-18,.95
32,西屯,7,二氧化氮,NO2,ppb,2019-09-18,3.75
32,西屯,8,總碳氫化合物,THC,ppm,2019-09-18,1.789
32,西屯,9,非甲烷碳氫化合物,NMHC,ppm,2019-09-18,.041
32,西屯,10,風速,WIND_SPEED,m/sec,2019-09-18,5.5
32,西屯,14,溫度,AMB_TEMP,℃,2019-09-18,27.8
32,西屯,21,酸雨,PH_RAIN,pH,2019-09-18,0
32,西屯,22,導電度,RAIN_COND,μmho/cm,2019-09-18,0
32,西屯,31,甲烷,CH4,ppm,2019-09-18,1.748
32,西屯,32,降雨強度,RAIN_INT,㎜,2019-09-18,0
32,西屯,33,細懸浮微粒,PM2.5,μg/m3,2019-09-18,10
32,西屯,38,相對濕度,RH,percent,2019-09-18,62.3
32,西屯,143,小時風速值,WS_HR,m/sec,2019-09-18,5.02
33,彰化,1,二氧化硫,SO2,ppb,2019-09-18,3.5
33,彰化,2,一氧化碳,CO,ppm,2019-09-18,.28
33,彰化,3,臭氧,O3,ppb,2019-09-18,46.6
33,彰化,4,懸浮微粒,PM10,μg/m3,2019-09-18,40
33,彰化,5,氮氧化物,NOx,ppb,2019-09-18,9.75
33,彰化,6,一氧化氮,NO,ppb,2019-09-18,.87
33,彰化,7,二氧化氮,NO2,ppb,2019-09-18,8.86
33,彰化,8,總碳氫化合物,THC,ppm,2019-09-18,1.99
33,彰化,9,非甲烷碳氫化合物,NMHC,ppm,2019-09-18,.085
33,彰化,10,風速,WIND_SPEED,m/sec,2019-09-18,4.08
33,彰化,14,溫度,AMB_TEMP,℃,2019-09-18,28.35
33,彰化,31,甲烷,CH4,ppm,2019-09-18,1.904
33,彰化,33,細懸浮微粒,PM2.5,μg/m3,2019-09-18,12
33,彰化,38,相對濕度,RH,percent,2019-09-18,59.22
33,彰化,143,小時風速值,WS_HR,m/sec,2019-09-18,3.48
34,線西,1,二氧化硫,SO2,ppb,2019-09-18,2.2
34,線西,2,一氧化碳,CO,ppm,2019-09-18,.27
34,線西,3,臭氧,O3,ppb,2019-09-18,50.5
34,線西,4,懸浮微粒,PM10,μg/m3,2019-09-18,59
34,線西,5,氮氧化物,NOx,ppb,2019-09-18,9.67
34,線西,6,一氧化氮,NO,ppb,2019-09-18,3.19
34,線西,7,二氧化氮,NO2,ppb,2019-09-18,6.49
34,線西,8,總碳氫化合物,THC,ppm,2019-09-18,1.93
34,線西,9,非甲烷碳氫化合物,NMHC,ppm,2019-09-18,.027
34,線西,10,風速,WIND_SPEED,m/sec,2019-09-18,8
34,線西,14,溫度,AMB_TEMP,℃,2019-09-18,27.61
34,線西,31,甲烷,CH4,ppm,2019-09-18,1.903
34,線西,33,細懸浮微粒,PM2.5,μg/m3,2019-09-18,17
34,線西,38,相對濕度,RH,percent,2019-09-18,67.96
34,線西,143,小時風速值,WS_HR,m/sec,2019-09-18,7.67
35,二林,1,二氧化硫,SO2,ppb,2019-09-18,2.7
35,二林,2,一氧化碳,CO,ppm,2019-09-18,.22
35,二林,3,臭氧,O3,ppb,2019-09-18,49.8
35,二林,4,懸浮微粒,PM10,μg/m3,2019-09-18,57
35,二林,5,氮氧化物,NOx,ppb,2019-09-18,4.88
35,二林,6,一氧化氮,NO,ppb,2019-09-18,.88
35,二林,7,二氧化氮,NO2,ppb,2019-09-18,3.99
35,二林,10,風速,WIND_SPEED,m/sec,2019-09-18,6.18
35,二林,14,溫度,AMB_TEMP,℃,2019-09-18,27.82
35,二林,33,細懸浮微粒,PM2.5,μg/m3,2019-09-18,15
35,二林,38,相對濕度,RH,percent,2019-09-18,69.26
35,二林,143,小時風速值,WS_HR,m/sec,2019-09-18,5.75
36,南投,1,二氧化硫,SO2,ppb,2019-09-18,1.8
36,南投,2,一氧化碳,CO,ppm,2019-09-18,.36
36,南投,3,臭氧,O3,ppb,2019-09-18,39.9
36,南投,4,懸浮微粒,PM10,μg/m3,2019-09-18,38
36,南投,5,氮氧化物,NOx,ppb,2019-09-18,13.86
36,南投,6,一氧化氮,NO,ppb,2019-09-18,2.6
36,南投,7,二氧化氮,NO2,ppb,2019-09-18,11.26
36,南投,8,總碳氫化合物,THC,ppm,2019-09-18,1.977
36,南投,9,非甲烷碳氫化合物,NMHC,ppm,2019-09-18,.103
36,南投,10,風速,WIND_SPEED,m/sec,2019-09-18,2.02
36,南投,14,溫度,AMB_TEMP,℃,2019-09-18,28.41
36,南投,21,酸雨,PH_RAIN,pH,2019-09-18,0
36,南投,22,導電度,RAIN_COND,μmho/cm,2019-09-18,0
36,南投,31,甲烷,CH4,ppm,2019-09-18,1.874
36,南投,32,降雨強度,RAIN_INT,㎜,2019-09-18,0
36,南投,33,細懸浮微粒,PM2.5,μg/m3,2019-09-18,16
36,南投,38,相對濕度,RH,percent,2019-09-18,62.84
36,南投,143,小時風速值,WS_HR,m/sec,2019-09-18,1.58
37,斗六,1,二氧化硫,SO2,ppb,2019-09-18,2.7
37,斗六,2,一氧化碳,CO,ppm,2019-09-18,.24
37,斗六,3,臭氧,O3,ppb,2019-09-18,44.3
37,斗六,4,懸浮微粒,PM10,μg/m3,2019-09-18,44
37,斗六,5,氮氧化物,NOx,ppb,2019-09-18,13.07
37,斗六,6,一氧化氮,NO,ppb,2019-09-18,1.58
37,斗六,7,二氧化氮,NO2,ppb,2019-09-18,11.49
37,斗六,10,風速,WIND_SPEED,m/sec,2019-09-18,2.04
37,斗六,14,溫度,AMB_TEMP,℃,2019-09-18,27.34
37,斗六,33,細懸浮微粒,PM2.5,μg/m3,2019-09-18,16
37,斗六,38,相對濕度,RH,percent,2019-09-18,66.43
37,斗六,143,小時風速值,WS_HR,m/sec,2019-09-18,1.72
38,崙背,1,二氧化硫,SO2,ppb,2019-09-18,1.9
38,崙背,2,一氧化碳,CO,ppm,2019-09-18,.2
38,崙背,3,臭氧,O3,ppb,2019-09-18,48.8
38,崙背,4,懸浮微粒,PM10,μg/m3,2019-09-18,118
38,崙背,5,氮氧化物,NOx,ppb,2019-09-18,8.98
38,崙背,6,一氧化氮,NO,ppb,2019-09-18,1.69
38,崙背,7,二氧化氮,NO2,ppb,2019-09-18,7.29
38,崙背,10,風速,WIND_SPEED,m/sec,2019-09-18,4.49
38,崙背,14,溫度,AMB_TEMP,℃,2019-09-18,27.98
38,崙背,21,酸雨,PH_RAIN,pH,2019-09-18,0
38,崙背,22,導電度,RAIN_COND,μmho/cm,2019-09-18,0
38,崙背,32,降雨強度,RAIN_INT,㎜,2019-09-18,0
38,崙背,33,細懸浮微粒,PM2.5,μg/m3,2019-09-18,19
38,崙背,38,相對濕度,RH,percent,2019-09-18,75.45
38,崙背,143,小時風速值,WS_HR,m/sec,2019-09-18,3.97
39,新港,1,二氧化硫,SO2,ppb,2019-09-18,2.2
39,新港,2,一氧化碳,CO,ppm,2019-09-18,.24
39,新港,3,臭氧,O3,ppb,2019-09-18,46.8
39,新港,4,懸浮微粒,PM10,μg/m3,2019-09-18,75
39,新港,5,氮氧化物,NOx,ppb,2019-09-18,7.45
39,新港,6,一氧化氮,NO,ppb,2019-09-18,.95
39,新港,7,二氧化氮,NO2,ppb,2019-09-18,6.5
39,新港,10,風速,WIND_SPEED,m/sec,2019-09-18,3.4
39,新港,14,溫度,AMB_TEMP,℃,2019-09-18,28.27
39,新港,33,細懸浮微粒,PM2.5,μg/m3,2019-09-18,17
39,新港,38,相對濕度,RH,percent,2019-09-18,65.62
39,新港,143,小時風速值,WS_HR,m/sec,2019-09-18,3.17
40,朴子,1,二氧化硫,SO2,ppb,2019-09-18,2.2
40,朴子,2,一氧化碳,CO,ppm,2019-09-18,.23
40,朴子,3,臭氧,O3,ppb,2019-09-18,48
40,朴子,4,懸浮微粒,PM10,μg/m3,2019-09-18,98
40,朴子,5,氮氧化物,NOx,ppb,2019-09-18,6.73
40,朴子,6,一氧化氮,NO,ppb,2019-09-18,1.21
40,朴子,7,二氧化氮,NO2,ppb,2019-09-18,5.53
40,朴子,10,風速,WIND_SPEED,m/sec,2019-09-18,2.55
40,朴子,14,溫度,AMB_TEMP,℃,2019-09-18,29.4
40,朴子,33,細懸浮微粒,PM2.5,μg/m3,2019-09-18,15
40,朴子,38,相對濕度,RH,percent,2019-09-18,63.28
40,朴子,143,小時風速值,WS_HR,m/sec,2019-09-18,1.92
41,臺西,1,二氧化硫,SO2,ppb,2019-09-18,2.3
41,臺西,2,一氧化碳,CO,ppm,2019-09-18,.2
41,臺西,3,臭氧,O3,ppb,2019-09-18,53.7
41,臺西,4,懸浮微粒,PM10,μg/m3,2019-09-18,132
41,臺西,5,氮氧化物,NOx,ppb,2019-09-18,7.08
41,臺西,6,一氧化氮,NO,ppb,2019-09-18,1.68
41,臺西,7,二氧化氮,NO2,ppb,2019-09-18,5.4
41,臺西,8,總碳氫化合物,THC,ppm,2019-09-18,1.783
41,臺西,9,非甲烷碳氫化合物,NMHC,ppm,2019-09-18,.008
41,臺西,10,風速,WIND_SPEED,m/sec,2019-09-18,10.73
41,臺西,14,溫度,AMB_TEMP,℃,2019-09-18,27.45
41,臺西,31,甲烷,CH4,ppm,2019-09-18,1.777
41,臺西,33,細懸浮微粒,PM2.5,μg/m3,2019-09-18,18
41,臺西,38,相對濕度,RH,percent,2019-09-18,71.09
41,臺西,143,小時風速值,WS_HR,m/sec,2019-09-18,10.51
42,嘉義,1,二氧化硫,SO2,ppb,2019-09-18,2.7
42,嘉義,2,一氧化碳,CO,ppm,2019-09-18,.36
42,嘉義,3,臭氧,O3,ppb,2019-09-18,38.4
42,嘉義,4,懸浮微粒,PM10,μg/m3,2019-09-18,63
42,嘉義,5,氮氧化物,NOx,ppb,2019-09-18,14.99
42,嘉義,6,一氧化氮,NO,ppb,2019-09-18,1.84
42,嘉義,7,二氧化氮,NO2,ppb,2019-09-18,13.15
42,嘉義,8,總碳氫化合物,THC,ppm,2019-09-18,2.022
42,嘉義,9,非甲烷碳氫化合物,NMHC,ppm,2019-09-18,.137
42,嘉義,10,風速,WIND_SPEED,m/sec,2019-09-18,2.35
42,嘉義,14,溫度,AMB_TEMP,℃,2019-09-18,27.83
42,嘉義,31,甲烷,CH4,ppm,2019-09-18,1.885
42,嘉義,33,細懸浮微粒,PM2.5,μg/m3,2019-09-18,15
42,嘉義,38,相對濕度,RH,percent,2019-09-18,65.6
42,嘉義,143,小時風速值,WS_HR,m/sec,2019-09-18,2.02
43,新營,1,二氧化硫,SO2,ppb,2019-09-18,1.9
43,新營,2,一氧化碳,CO,ppm,2019-09-18,.27
43,新營,3,臭氧,O3,ppb,2019-09-18,40.1
43,新營,4,懸浮微粒,PM10,μg/m3,2019-09-18,68
43,新營,5,氮氧化物,NOx,ppb,2019-09-18,12.26
43,新營,6,一氧化氮,NO,ppb,2019-09-18,1.09
43,新營,7,二氧化氮,NO2,ppb,2019-09-18,11.13
43,新營,8,總碳氫化合物,THC,ppm,2019-09-18,2.014
43,新營,9,非甲烷碳氫化合物,NMHC,ppm,2019-09-18,.066
43,新營,10,風速,WIND_SPEED,m/sec,2019-09-18,2.57
43,新營,14,溫度,AMB_TEMP,℃,2019-09-18,28.35
43,新營,21,酸雨,PH_RAIN,pH,2019-09-18,0
43,新營,22,導電度,RAIN_COND,μmho/cm,2019-09-18,0
43,新營,31,甲烷,CH4,ppm,2019-09-18,1.948
43,新營,32,降雨強度,RAIN_INT,㎜,2019-09-18,0
43,新營,33,細懸浮微粒,PM2.5,μg/m3,2019-09-18,19
43,新營,38,相對濕度,RH,percent,2019-09-18,69.33
43,新營,143,小時風速值,WS_HR,m/sec,2019-09-18,2.33
44,善化,1,二氧化硫,SO2,ppb,2019-09-18,3.6
44,善化,2,一氧化碳,CO,ppm,2019-09-18,.27
44,善化,3,臭氧,O3,ppb,2019-09-18,42.9
44,善化,4,懸浮微粒,PM10,μg/m3,2019-09-18,68
44,善化,5,氮氧化物,NOx,ppb,2019-09-18,9.66
44,善化,6,一氧化氮,NO,ppb,2019-09-18,2.42
44,善化,7,二氧化氮,NO2,ppb,2019-09-18,7.24
44,善化,10,風速,WIND_SPEED,m/sec,2019-09-18,2.88
44,善化,14,溫度,AMB_TEMP,℃,2019-09-18,27.26
44,善化,33,細懸浮微粒,PM2.5,μg/m3,2019-09-18,20
44,善化,36,二氧化碳,CO2,ppm,2019-09-18,427.12
44,善化,38,相對濕度,RH,percent,2019-09-18,72.23
44,善化,143,小時風速值,WS_HR,m/sec,2019-09-18,2.58
45,安南,1,二氧化硫,SO2,ppb,2019-09-18,2.6
45,安南,2,一氧化碳,CO,ppm,2019-09-18,.32
45,安南,3,臭氧,O3,ppb,2019-09-18,42.7
45,安南,4,懸浮微粒,PM10,μg/m3,2019-09-18,77
45,安南,5,氮氧化物,NOx,ppb,2019-09-18,11.89
45,安南,6,一氧化氮,NO,ppb,2019-09-18,1.29
45,安南,7,二氧化氮,NO2,ppb,2019-09-18,10.6
45,安南,8,總碳氫化合物,THC,ppm,2019-09-18,2.103
45,安南,9,非甲烷碳氫化合物,NMHC,ppm,2019-09-18,.097
45,安南,10,風速,WIND_SPEED,m/sec,2019-09-18,2.56
45,安南,14,溫度,AMB_TEMP,℃,2019-09-18,28.66
45,安南,31,甲烷,CH4,ppm,2019-09-18,2.006
45,安南,33,細懸浮微粒,PM2.5,μg/m3,2019-09-18,22
45,安南,38,相對濕度,RH,percent,2019-09-18,70.13
45,安南,143,小時風速值,WS_HR,m/sec,2019-09-18,2.15
46,臺南,1,二氧化硫,SO2,ppb,2019-09-18,2.6
46,臺南,2,一氧化碳,CO,ppm,2019-09-18,.35
46,臺南,3,臭氧,O3,ppb,2019-09-18,42.1
46,臺南,4,懸浮微粒,PM10,μg/m3,2019-09-18,84
46,臺南,5,氮氧化物,NOx,ppb,2019-09-18,12.84
46,臺南,6,一氧化氮,NO,ppb,2019-09-18,1.43
46,臺南,7,二氧化氮,NO2,ppb,2019-09-18,11.4
46,臺南,8,總碳氫化合物,THC,ppm,2019-09-18,2.074
46,臺南,9,非甲烷碳氫化合物,NMHC,ppm,2019-09-18,.13
46,臺南,10,風速,WIND_SPEED,m/sec,2019-09-18,2.4
46,臺南,14,溫度,AMB_TEMP,℃,2019-09-18,28.4
46,臺南,31,甲烷,CH4,ppm,2019-09-18,1.944
46,臺南,33,細懸浮微粒,PM2.5,μg/m3,2019-09-18,22
46,臺南,38,相對濕度,RH,percent,2019-09-18,70.03
46,臺南,143,小時風速值,WS_HR,m/sec,2019-09-18,1.94
47,美濃,1,二氧化硫,SO2,ppb,2019-09-18,1.2
47,美濃,2,一氧化碳,CO,ppm,2019-09-18,.34
47,美濃,3,臭氧,O3,ppb,2019-09-18,32.3
47,美濃,4,懸浮微粒,PM10,μg/m3,2019-09-18,42
47,美濃,5,氮氧化物,NOx,ppb,2019-09-18,7.52
47,美濃,6,一氧化氮,NO,ppb,2019-09-18,1.91
47,美濃,7,二氧化氮,NO2,ppb,2019-09-18,5.61
47,美濃,10,風速,WIND_SPEED,m/sec,2019-09-18,.87
47,美濃,14,溫度,AMB_TEMP,℃,2019-09-18,28.81
47,美濃,33,細懸浮微粒,PM2.5,μg/m3,2019-09-18,22
47,美濃,38,相對濕度,RH,percent,2019-09-18,81.39
47,美濃,143,小時風速值,WS_HR,m/sec,2019-09-18,.66
48,橋頭,1,二氧化硫,SO2,ppb,2019-09-18,2.3
48,橋頭,2,一氧化碳,CO,ppm,2019-09-18,.39
48,橋頭,3,臭氧,O3,ppb,2019-09-18,42.8
48,橋頭,4,懸浮微粒,PM10,μg/m3,2019-09-18,54
48,橋頭,5,氮氧化物,NOx,ppb,2019-09-18,13.12
48,橋頭,6,一氧化氮,NO,ppb,2019-09-18,1.7
48,橋頭,7,二氧化氮,NO2,ppb,2019-09-18,11.42
48,橋頭,10,風速,WIND_SPEED,m/sec,2019-09-18,2.57
48,橋頭,14,溫度,AMB_TEMP,℃,2019-09-18,29.78
48,橋頭,21,酸雨,PH_RAIN,pH,2019-09-18,0
48,橋頭,22,導電度,RAIN_COND,μmho/cm,2019-09-18,0
48,橋頭,32,降雨強度,RAIN_INT,㎜,2019-09-18,0
48,橋頭,33,細懸浮微粒,PM2.5,μg/m3,2019-09-18,27
48,橋頭,38,相對濕度,RH,percent,2019-09-18,73.78
48,橋頭,143,小時風速值,WS_HR,m/sec,2019-09-18,2.36
49,仁武,1,二氧化硫,SO2,ppb,2019-09-18,3.4
49,仁武,2,一氧化碳,CO,ppm,2019-09-18,.38
49,仁武,3,臭氧,O3,ppb,2019-09-18,42.5
49,仁武,4,懸浮微粒,PM10,μg/m3,2019-09-18,50
49,仁武,5,氮氧化物,NOx,ppb,2019-09-18,15.8
49,仁武,6,一氧化氮,NO,ppb,2019-09-18,1.85
49,仁武,7,二氧化氮,NO2,ppb,2019-09-18,13.92
49,仁武,8,總碳氫化合物,THC,ppm,2019-09-18,2.176
49,仁武,9,非甲烷碳氫化合物,NMHC,ppm,2019-09-18,.151
49,仁武,10,風速,WIND_SPEED,m/sec,2019-09-18,2.28
49,仁武,14,溫度,AMB_TEMP,℃,2019-09-18,28.9
49,仁武,31,甲烷,CH4,ppm,2019-09-18,2.025
49,仁武,33,細懸浮微粒,PM2.5,μg/m3,2019-09-18,25
49,仁武,38,相對濕度,RH,percent,2019-09-18,78.21
49,仁武,143,小時風速值,WS_HR,m/sec,2019-09-18,1.89
50,鳳山,1,二氧化硫,SO2,ppb,2019-09-18,2.4
50,鳳山,2,一氧化碳,CO,ppm,2019-09-18,.45
50,鳳山,3,臭氧,O3,ppb,2019-09-18,40.8
50,鳳山,4,懸浮微粒,PM10,μg/m3,2019-09-18,46
50,鳳山,5,氮氧化物,NOx,ppb,2019-09-18,14.78
50,鳳山,6,一氧化氮,NO,ppb,2019-09-18,2.25
50,鳳山,7,二氧化氮,NO2,ppb,2019-09-18,12.53
50,鳳山,8,總碳氫化合物,THC,ppm,2019-09-18,2.048
50,鳳山,9,非甲烷碳氫化合物,NMHC,ppm,2019-09-18,.137
50,鳳山,10,風速,WIND_SPEED,m/sec,2019-09-18,1.77
50,鳳山,14,溫度,AMB_TEMP,℃,2019-09-18,29.67
50,鳳山,21,酸雨,PH_RAIN,pH,2019-09-18,0
50,鳳山,22,導電度,RAIN_COND,μmho/cm,2019-09-18,0
50,鳳山,31,甲烷,CH4,ppm,2019-09-18,1.911
50,鳳山,32,降雨強度,RAIN_INT,㎜,2019-09-18,0
50,鳳山,33,細懸浮微粒,PM2.5,μg/m3,2019-09-18,16
50,鳳山,38,相對濕度,RH,percent,2019-09-18,74.6
50,鳳山,143,小時風速值,WS_HR,m/sec,2019-09-18,1.35
51,大寮,1,二氧化硫,SO2,ppb,2019-09-18,4.1
51,大寮,2,一氧化碳,CO,ppm,2019-09-18,.28
51,大寮,3,臭氧,O3,ppb,2019-09-18,34.8
51,大寮,4,懸浮微粒,PM10,μg/m3,2019-09-18,43
51,大寮,5,氮氧化物,NOx,ppb,2019-09-18,10.68
51,大寮,6,一氧化氮,NO,ppb,2019-09-18,1.78
51,大寮,7,二氧化氮,NO2,ppb,2019-09-18,8.89
51,大寮,8,總碳氫化合物,THC,ppm,2019-09-18,2.172
51,大寮,9,非甲烷碳氫化合物,NMHC,ppm,2019-09-18,.101
51,大寮,10,風速,WIND_SPEED,m/sec,2019-09-18,1.58
51,大寮,14,溫度,AMB_TEMP,℃,2019-09-18,28.8
51,大寮,31,甲烷,CH4,ppm,2019-09-18,2.071
51,大寮,33,細懸浮微粒,PM2.5,μg/m3,2019-09-18,20
51,大寮,38,相對濕度,RH,percent,2019-09-18,74.29
51,大寮,143,小時風速值,WS_HR,m/sec,2019-09-18,1.31
52,林園,1,二氧化硫,SO2,ppb,2019-09-18,2.7
52,林園,2,一氧化碳,CO,ppm,2019-09-18,.26
52,林園,3,臭氧,O3,ppb,2019-09-18,43.3
52,林園,4,懸浮微粒,PM10,μg/m3,2019-09-18,44
52,林園,5,氮氧化物,NOx,ppb,2019-09-18,3.88
52,林園,6,一氧化氮,NO,ppb,2019-09-18,.74
52,林園,7,二氧化氮,NO2,ppb,2019-09-18,3.12
52,林園,8,總碳氫化合物,THC,ppm,2019-09-18,2.088
52,林園,9,非甲烷碳氫化合物,NMHC,ppm,2019-09-18,.006
52,林園,10,風速,WIND_SPEED,m/sec,2019-09-18,1.99
52,林園,14,溫度,AMB_TEMP,℃,2019-09-18,29.46
52,林園,31,甲烷,CH4,ppm,2019-09-18,2.086
52,林園,33,細懸浮微粒,PM2.5,μg/m3,2019-09-18,20
52,林園,38,相對濕度,RH,percent,2019-09-18,75.69
52,林園,143,小時風速值,WS_HR,m/sec,2019-09-18,1.88
53,楠梓,1,二氧化硫,SO2,ppb,2019-09-18,x
53,楠梓,2,一氧化碳,CO,ppm,2019-09-18,.39
53,楠梓,3,臭氧,O3,ppb,2019-09-18,31.5
53,楠梓,4,懸浮微粒,PM10,μg/m3,2019-09-18,49
53,楠梓,5,氮氧化物,NOx,ppb,2019-09-18,15.53
53,楠梓,6,一氧化氮,NO,ppb,2019-09-18,3.06
53,楠梓,7,二氧化氮,NO2,ppb,2019-09-18,12.47
53,楠梓,8,總碳氫化合物,THC,ppm,2019-09-18,2.055
53,楠梓,9,非甲烷碳氫化合物,NMHC,ppm,2019-09-18,.125
53,楠梓,10,風速,WIND_SPEED,m/sec,2019-09-18,2
53,楠梓,14,溫度,AMB_TEMP,℃,2019-09-18,28.48
53,楠梓,31,甲烷,CH4,ppm,2019-09-18,1.93
53,楠梓,33,細懸浮微粒,PM2.5,μg/m3,2019-09-18,29
53,楠梓,38,相對濕度,RH,percent,2019-09-18,76.99
53,楠梓,143,小時風速值,WS_HR,m/sec,2019-09-18,1.75
54,左營,1,二氧化硫,SO2,ppb,2019-09-18,3.1
54,左營,2,一氧化碳,CO,ppm,2019-09-18,.37
54,左營,3,臭氧,O3,ppb,2019-09-18,48.8
54,左營,4,懸浮微粒,PM10,μg/m3,2019-09-18,50
54,左營,5,氮氧化物,NOx,ppb,2019-09-18,10.1
54,左營,6,一氧化氮,NO,ppb,2019-09-18,1.06
54,左營,7,二氧化氮,NO2,ppb,2019-09-18,9.01
54,左營,8,總碳氫化合物,THC,ppm,2019-09-18,2.073
54,左營,9,非甲烷碳氫化合物,NMHC,ppm,2019-09-18,.105
54,左營,10,風速,WIND_SPEED,m/sec,2019-09-18,2.09
54,左營,14,溫度,AMB_TEMP,℃,2019-09-18,29.08
54,左營,31,甲烷,CH4,ppm,2019-09-18,1.968
54,左營,33,細懸浮微粒,PM2.5,μg/m3,2019-09-18,19
54,左營,38,相對濕度,RH,percent,2019-09-18,78.7
54,左營,143,小時風速值,WS_HR,m/sec,2019-09-18,1.73
56,前金,1,二氧化硫,SO2,ppb,2019-09-18,3.5
56,前金,2,一氧化碳,CO,ppm,2019-09-18,.36
56,前金,3,臭氧,O3,ppb,2019-09-18,49.3
56,前金,4,懸浮微粒,PM10,μg/m3,2019-09-18,54
56,前金,5,氮氧化物,NOx,ppb,2019-09-18,11.66
56,前金,6,一氧化氮,NO,ppb,2019-09-18,1.99
56,前金,7,二氧化氮,NO2,ppb,2019-09-18,9.67
56,前金,8,總碳氫化合物,THC,ppm,2019-09-18,2.054
56,前金,9,非甲烷碳氫化合物,NMHC,ppm,2019-09-18,.094
56,前金,10,風速,WIND_SPEED,m/sec,2019-09-18,2.48
56,前金,14,溫度,AMB_TEMP,℃,2019-09-18,29
56,前金,31,甲烷,CH4,ppm,2019-09-18,1.96
56,前金,33,細懸浮微粒,PM2.5,μg/m3,2019-09-18,24
56,前金,38,相對濕度,RH,percent,2019-09-18,75.48
56,前金,143,小時風速值,WS_HR,m/sec,2019-09-18,2.18
57,前鎮,1,二氧化硫,SO2,ppb,2019-09-18,3.2
57,前鎮,2,一氧化碳,CO,ppm,2019-09-18,.46
57,前鎮,3,臭氧,O3,ppb,2019-09-18,45.8
57,前鎮,4,懸浮微粒,PM10,μg/m3,2019-09-18,50
57,前鎮,5,氮氧化物,NOx,ppb,2019-09-18,17.66
57,前鎮,6,一氧化氮,NO,ppb,2019-09-18,3.18
57,前鎮,7,二氧化氮,NO2,ppb,2019-09-18,14.48
57,前鎮,8,總碳氫化合物,THC,ppm,2019-09-18,2.161
57,前鎮,9,非甲烷碳氫化合物,NMHC,ppm,2019-09-18,.17
57,前鎮,10,風速,WIND_SPEED,m/sec,2019-09-18,1.61
57,前鎮,14,溫度,AMB_TEMP,℃,2019-09-18,29.82
57,前鎮,31,甲烷,CH4,ppm,2019-09-18,1.992
57,前鎮,33,細懸浮微粒,PM2.5,μg/m3,2019-09-18,26
57,前鎮,38,相對濕度,RH,percent,2019-09-18,73.58
57,前鎮,143,小時風速值,WS_HR,m/sec,2019-09-18,1.25
58,小港,1,二氧化硫,SO2,ppb,2019-09-18,2.3
58,小港,2,一氧化碳,CO,ppm,2019-09-18,.33
58,小港,3,臭氧,O3,ppb,2019-09-18,33.9
58,小港,4,懸浮微粒,PM10,μg/m3,2019-09-18,40
58,小港,5,氮氧化物,NOx,ppb,2019-09-18,18.09
58,小港,6,一氧化氮,NO,ppb,2019-09-18,1.99
58,小港,7,二氧化氮,NO2,ppb,2019-09-18,16.1
58,小港,8,總碳氫化合物,THC,ppm,2019-09-18,1.996
58,小港,9,非甲烷碳氫化合物,NMHC,ppm,2019-09-18,.097
58,小港,10,風速,WIND_SPEED,m/sec,2019-09-18,1.67
58,小港,14,溫度,AMB_TEMP,℃,2019-09-18,29.68
58,小港,21,酸雨,PH_RAIN,pH,2019-09-18,0
58,小港,22,導電度,RAIN_COND,μmho/cm,2019-09-18,0
58,小港,31,甲烷,CH4,ppm,2019-09-18,1.898
58,小港,32,降雨強度,RAIN_INT,㎜,2019-09-18,0
58,小港,33,細懸浮微粒,PM2.5,μg/m3,2019-09-18,15
58,小港,38,相對濕度,RH,percent,2019-09-18,70.99
58,小港,143,小時風速值,WS_HR,m/sec,2019-09-18,1.18
59,屏東,1,二氧化硫,SO2,ppb,2019-09-18,2.3
59,屏東,2,一氧化碳,CO,ppm,2019-09-18,.35
59,屏東,3,臭氧,O3,ppb,2019-09-18,39.8
59,屏東,4,懸浮微粒,PM10,μg/m3,2019-09-18,44
59,屏東,5,氮氧化物,NOx,ppb,2019-09-18,10.41
59,屏東,6,一氧化氮,NO,ppb,2019-09-18,.87
59,屏東,7,二氧化氮,NO2,ppb,2019-09-18,9.53
59,屏東,8,總碳氫化合物,THC,ppm,2019-09-18,2.065
59,屏東,9,非甲烷碳氫化合物,NMHC,ppm,2019-09-18,.074
59,屏東,10,風速,WIND_SPEED,m/sec,2019-09-18,1.82
59,屏東,14,溫度,AMB_TEMP,℃,2019-09-18,29.7
59,屏東,31,甲烷,CH4,ppm,2019-09-18,1.991
59,屏東,33,細懸浮微粒,PM2.5,μg/m3,2019-09-18,19
59,屏東,38,相對濕度,RH,percent,2019-09-18,75.75
59,屏東,143,小時風速值,WS_HR,m/sec,2019-09-18,1.53
60,潮州,1,二氧化硫,SO2,ppb,2019-09-18,1.2
60,潮州,2,一氧化碳,CO,ppm,2019-09-18,.26
60,潮州,3,臭氧,O3,ppb,2019-09-18,33.3
60,潮州,4,懸浮微粒,PM10,μg/m3,2019-09-18,37
60,潮州,5,氮氧化物,NOx,ppb,2019-09-18,5.56
60,潮州,6,一氧化氮,NO,ppb,2019-09-18,1.14
60,潮州,7,二氧化氮,NO2,ppb,2019-09-18,4.42
60,潮州,10,風速,WIND_SPEED,m/sec,2019-09-18,1.76
60,潮州,14,溫度,AMB_TEMP,℃,2019-09-18,28.35
60,潮州,33,細懸浮微粒,PM2.5,μg/m3,2019-09-18,16
60,潮州,38,相對濕度,RH,percent,2019-09-18,75.26
60,潮州,143,小時風速值,WS_HR,m/sec,2019-09-18,1.56
61,恆春,2,一氧化碳,CO,ppm,2019-09-18,.13
61,恆春,3,臭氧,O3,ppb,2019-09-18,47.5
61,恆春,4,懸浮微粒,PM10,μg/m3,2019-09-18,32
61,恆春,5,氮氧化物,NOx,ppb,2019-09-18,2.11
61,恆春,6,一氧化氮,NO,ppb,2019-09-18,.6
61,恆春,7,二氧化氮,NO2,ppb,2019-09-18,1.48
61,恆春,10,風速,WIND_SPEED,m/sec,2019-09-18,7.27
61,恆春,14,溫度,AMB_TEMP,℃,2019-09-18,26.58
61,恆春,21,酸雨,PH_RAIN,pH,2019-09-18,0
61,恆春,22,導電度,RAIN_COND,μmho/cm,2019-09-18,0
61,恆春,32,降雨強度,RAIN_INT,㎜,2019-09-18,0
61,恆春,33,細懸浮微粒,PM2.5,μg/m3,2019-09-18,12
61,恆春,36,二氧化碳,CO2,ppm,2019-09-18,404.95
61,恆春,38,相對濕度,RH,percent,2019-09-18,78.31
61,恆春,143,小時風速值,WS_HR,m/sec,2019-09-18,6.89
62,臺東,1,二氧化硫,SO2,ppb,2019-09-18,1
62,臺東,2,一氧化碳,CO,ppm,2019-09-18,.26
62,臺東,3,臭氧,O3,ppb,2019-09-18,39.3
62,臺東,4,懸浮微粒,PM10,μg/m3,2019-09-18,55
62,臺東,5,氮氧化物,NOx,ppb,2019-09-18,4.81
62,臺東,6,一氧化氮,NO,ppb,2019-09-18,1.44
62,臺東,7,二氧化氮,NO2,ppb,2019-09-18,3.37
62,臺東,10,風速,WIND_SPEED,m/sec,2019-09-18,2.83
62,臺東,14,溫度,AMB_TEMP,℃,2019-09-18,28.84
62,臺東,21,酸雨,PH_RAIN,pH,2019-09-18,0
62,臺東,22,導電度,RAIN_COND,μmho/cm,2019-09-18,0
62,臺東,32,降雨強度,RAIN_INT,㎜,2019-09-18,0
62,臺東,33,細懸浮微粒,PM2.5,μg/m3,2019-09-18,9
62,臺東,38,相對濕度,RH,percent,2019-09-18,68.97
62,臺東,143,小時風速值,WS_HR,m/sec,2019-09-18,2.15
63,花蓮,1,二氧化硫,SO2,ppb,2019-09-18,1.2
63,花蓮,2,一氧化碳,CO,ppm,2019-09-18,.21
63,花蓮,3,臭氧,O3,ppb,2019-09-18,42.2
63,花蓮,4,懸浮微粒,PM10,μg/m3,2019-09-18,37
63,花蓮,5,氮氧化物,NOx,ppb,2019-09-18,3.85
63,花蓮,6,一氧化氮,NO,ppb,2019-09-18,1.32
63,花蓮,7,二氧化氮,NO2,ppb,2019-09-18,2.53
63,花蓮,10,風速,WIND_SPEED,m/sec,2019-09-18,3.39
63,花蓮,14,溫度,AMB_TEMP,℃,2019-09-18,27.93
63,花蓮,21,酸雨,PH_RAIN,pH,2019-09-18,0
63,花蓮,22,導電度,RAIN_COND,μmho/cm,2019-09-18,0
63,花蓮,32,降雨強度,RAIN_INT,㎜,2019-09-18,0
63,花蓮,33,細懸浮微粒,PM2.5,μg/m3,2019-09-18,9
63,花蓮,38,相對濕度,RH,percent,2019-09-18,60.21
63,花蓮,143,小時風速值,WS_HR,m/sec,2019-09-18,2.86
64,陽明,1,二氧化硫,SO2,ppb,2019-09-18,1.3
64,陽明,2,一氧化碳,CO,ppm,2019-09-18,.12
64,陽明,3,臭氧,O3,ppb,2019-09-18,50.1
64,陽明,4,懸浮微粒,PM10,μg/m3,2019-09-18,21
64,陽明,5,氮氧化物,NOx,ppb,2019-09-18,1.25
64,陽明,6,一氧化氮,NO,ppb,2019-09-18,.25
64,陽明,7,二氧化氮,NO2,ppb,2019-09-18,.9
64,陽明,10,風速,WIND_SPEED,m/sec,2019-09-18,5
64,陽明,14,溫度,AMB_TEMP,℃,2019-09-18,19.08
64,陽明,21,酸雨,PH_RAIN,pH,2019-09-18,4.26
64,陽明,22,導電度,RAIN_COND,μmho/cm,2019-09-18,68.85
64,陽明,32,降雨強度,RAIN_INT,㎜,2019-09-18,2
64,陽明,33,細懸浮微粒,PM2.5,μg/m3,2019-09-18,8
64,陽明,36,二氧化碳,CO2,ppm,2019-09-18,408.06
64,陽明,38,相對濕度,RH,percent,2019-09-18,95.73
65,宜蘭,1,二氧化硫,SO2,ppb,2019-09-18,1.8
65,宜蘭,2,一氧化碳,CO,ppm,2019-09-18,.24
65,宜蘭,3,臭氧,O3,ppb,2019-09-18,41.3
65,宜蘭,4,懸浮微粒,PM10,μg/m3,2019-09-18,24
65,宜蘭,5,氮氧化物,NOx,ppb,2019-09-18,4.53
65,宜蘭,6,一氧化氮,NO,ppb,2019-09-18,.66
65,宜蘭,7,二氧化氮,NO2,ppb,2019-09-18,3.84
65,宜蘭,10,風速,WIND_SPEED,m/sec,2019-09-18,1.54
65,宜蘭,14,溫度,AMB_TEMP,℃,2019-09-18,26.46
65,宜蘭,33,細懸浮微粒,PM2.5,μg/m3,2019-09-18,9
65,宜蘭,36,二氧化碳,CO2,ppm,2019-09-18,411.79
65,宜蘭,38,相對濕度,RH,percent,2019-09-18,71.49
65,宜蘭,143,小時風速值,WS_HR,m/sec,2019-09-18,1.07
66,冬山,1,二氧化硫,SO2,ppb,2019-09-18,1.5
66,冬山,2,一氧化碳,CO,ppm,2019-09-18,.21
66,冬山,3,臭氧,O3,ppb,2019-09-18,44.1
66,冬山,4,懸浮微粒,PM10,μg/m3,2019-09-18,21
66,冬山,5,氮氧化物,NOx,ppb,2019-09-18,3.83
66,冬山,6,一氧化氮,NO,ppb,2019-09-18,.52
66,冬山,7,二氧化氮,NO2,ppb,2019-09-18,3.29
66,冬山,10,風速,WIND_SPEED,m/sec,2019-09-18,2.58
66,冬山,14,溫度,AMB_TEMP,℃,2019-09-18,26.83
66,冬山,21,酸雨,PH_RAIN,pH,2019-09-18,6.81
66,冬山,22,導電度,RAIN_COND,μmho/cm,2019-09-18,57.2
66,冬山,32,降雨強度,RAIN_INT,㎜,2019-09-18,.5
66,冬山,33,細懸浮微粒,PM2.5,μg/m3,2019-09-18,9
66,冬山,38,相對濕度,RH,percent,2019-09-18,70.89
66,冬山,143,小時風速值,WS_HR,m/sec,2019-09-18,2.27
67,三重,1,二氧化硫,SO2,ppb,2019-09-18,2.2
67,三重,2,一氧化碳,CO,ppm,2019-09-18,.99
67,三重,4,懸浮微粒,PM10,μg/m3,2019-09-18,40
67,三重,5,氮氧化物,NOx,ppb,2019-09-18,78.24
67,三重,6,一氧化氮,NO,ppb,2019-09-18,43.65
67,三重,7,二氧化氮,NO2,ppb,2019-09-18,34.59
67,三重,8,總碳氫化合物,THC,ppm,2019-09-18,2.102
67,三重,9,非甲烷碳氫化合物,NMHC,ppm,2019-09-18,.279
67,三重,14,溫度,AMB_TEMP,℃,2019-09-18,27.25
67,三重,31,甲烷,CH4,ppm,2019-09-18,1.823
67,三重,33,細懸浮微粒,PM2.5,μg/m3,2019-09-18,12
67,三重,38,相對濕度,RH,percent,2019-09-18,69.16
68,中壢,1,二氧化硫,SO2,ppb,2019-09-18,3.4
68,中壢,2,一氧化碳,CO,ppm,2019-09-18,.8
68,中壢,3,臭氧,O3,ppb,2019-09-18,29.2
68,中壢,4,懸浮微粒,PM10,μg/m3,2019-09-18,32
68,中壢,5,氮氧化物,NOx,ppb,2019-09-18,35.86
68,中壢,6,一氧化氮,NO,ppb,2019-09-18,12.61
68,中壢,7,二氧化氮,NO2,ppb,2019-09-18,23.26
68,中壢,8,總碳氫化合物,THC,ppm,2019-09-18,2.098
68,中壢,9,非甲烷碳氫化合物,NMHC,ppm,2019-09-18,.247
68,中壢,10,風速,WIND_SPEED,m/sec,2019-09-18,1.43
68,中壢,14,溫度,AMB_TEMP,℃,2019-09-18,25.77
68,中壢,31,甲烷,CH4,ppm,2019-09-18,1.85
68,中壢,33,細懸浮微粒,PM2.5,μg/m3,2019-09-18,15
68,中壢,38,相對濕度,RH,percent,2019-09-18,79.28
68,中壢,143,小時風速值,WS_HR,m/sec,2019-09-18,.82
69,竹山,1,二氧化硫,SO2,ppb,2019-09-18,1.5
69,竹山,2,一氧化碳,CO,ppm,2019-09-18,.34
69,竹山,3,臭氧,O3,ppb,2019-09-18,40.1
69,竹山,4,懸浮微粒,PM10,μg/m3,2019-09-18,41
69,竹山,5,氮氧化物,NOx,ppb,2019-09-18,11.45
69,竹山,6,一氧化氮,NO,ppb,2019-09-18,.85
69,竹山,7,二氧化氮,NO2,ppb,2019-09-18,10.57
69,竹山,10,風速,WIND_SPEED,m/sec,2019-09-18,1.15
69,竹山,14,溫度,AMB_TEMP,℃,2019-09-18,27.47
69,竹山,33,細懸浮微粒,PM2.5,μg/m3,2019-09-18,21
69,竹山,38,相對濕度,RH,percent,2019-09-18,75.03
69,竹山,143,小時風速值,WS_HR,m/sec,2019-09-18,.93
70,永和,1,二氧化硫,SO2,ppb,2019-09-18,2.4
70,永和,2,一氧化碳,CO,ppm,2019-09-18,.6
70,永和,3,臭氧,O3,ppb,2019-09-18,34.4
70,永和,4,懸浮微粒,PM10,μg/m3,2019-09-18,37
70,永和,5,氮氧化物,NOx,ppb,2019-09-18,22.64
70,永和,6,一氧化氮,NO,ppb,2019-09-18,7.02
70,永和,7,二氧化氮,NO2,ppb,2019-09-18,15.62
70,永和,8,總碳氫化合物,THC,ppm,2019-09-18,2.018
70,永和,9,非甲烷碳氫化合物,NMHC,ppm,2019-09-18,.155
70,永和,10,風速,WIND_SPEED,m/sec,2019-09-18,1.82
70,永和,14,溫度,AMB_TEMP,℃,2019-09-18,26.3
70,永和,31,甲烷,CH4,ppm,2019-09-18,1.863
70,永和,33,細懸浮微粒,PM2.5,μg/m3,2019-09-18,11
70,永和,38,相對濕度,RH,percent,2019-09-18,69.68
70,永和,143,小時風速值,WS_HR,m/sec,2019-09-18,1.51
71,復興,1,二氧化硫,SO2,ppb,2019-09-18,4.8
71,復興,2,一氧化碳,CO,ppm,2019-09-18,.48
71,復興,3,臭氧,O3,ppb,2019-09-18,46.7
71,復興,4,懸浮微粒,PM10,μg/m3,2019-09-18,47
71,復興,5,氮氧化物,NOx,ppb,2019-09-18,17.11
71,復興,6,一氧化氮,NO,ppb,2019-09-18,3.92
71,復興,7,二氧化氮,NO2,ppb,2019-09-18,13.2
71,復興,8,總碳氫化合物,THC,ppm,2019-09-18,2.134
71,復興,9,非甲烷碳氫化合物,NMHC,ppm,2019-09-18,.168
71,復興,10,風速,WIND_SPEED,m/sec,2019-09-18,1.23
71,復興,14,溫度,AMB_TEMP,℃,2019-09-18,29.92
71,復興,31,甲烷,CH4,ppm,2019-09-18,1.965
71,復興,33,細懸浮微粒,PM2.5,μg/m3,2019-09-18,23
71,復興,38,相對濕度,RH,percent,2019-09-18,73.22
71,復興,143,小時風速值,WS_HR,m/sec,2019-09-18,.89
72,埔里,1,二氧化硫,SO2,ppb,2019-09-18,2.1
72,埔里,2,一氧化碳,CO,ppm,2019-09-18,.25
72,埔里,3,臭氧,O3,ppb,2019-09-18,39.8
72,埔里,4,懸浮微粒,PM10,μg/m3,2019-09-18,30
72,埔里,5,氮氧化物,NOx,ppb,2019-09-18,10.05
72,埔里,6,一氧化氮,NO,ppb,2019-09-18,1.21
72,埔里,7,二氧化氮,NO2,ppb,2019-09-18,8.84
72,埔里,10,風速,WIND_SPEED,m/sec,2019-09-18,1.57
72,埔里,14,溫度,AMB_TEMP,℃,2019-09-18,26.93
72,埔里,33,細懸浮微粒,PM2.5,μg/m3,2019-09-18,20
72,埔里,38,相對濕度,RH,percent,2019-09-18,73.03
72,埔里,143,小時風速值,WS_HR,m/sec,2019-09-18,1.3
75,馬祖,1,二氧化硫,SO2,ppb,2019-09-18,2.3
75,馬祖,2,一氧化碳,CO,ppm,2019-09-18,.2
75,馬祖,3,臭氧,O3,ppb,2019-09-18,70.3
75,馬祖,4,懸浮微粒,PM10,μg/m3,2019-09-18,45
75,馬祖,5,氮氧化物,NOx,ppb,2019-09-18,4.4
75,馬祖,6,一氧化氮,NO,ppb,2019-09-18,.32
75,馬祖,7,二氧化氮,NO2,ppb,2019-09-18,4.02
75,馬祖,10,風速,WIND_SPEED,m/sec,2019-09-18,3.03
75,馬祖,14,溫度,AMB_TEMP,℃,2019-09-18,27.35
75,馬祖,21,酸雨,PH_RAIN,pH,2019-09-18,4.99
75,馬祖,22,導電度,RAIN_COND,μmho/cm,2019-09-18,116.8
75,馬祖,32,降雨強度,RAIN_INT,㎜,2019-09-18,1
75,馬祖,33,細懸浮微粒,PM2.5,μg/m3,2019-09-18,x
75,馬祖,38,相對濕度,RH,percent,2019-09-18,68
75,馬祖,143,小時風速值,WS_HR,m/sec,2019-09-18,2.34
77,金門,1,二氧化硫,SO2,ppb,2019-09-18,2.7
77,金門,2,一氧化碳,CO,ppm,2019-09-18,.28
77,金門,3,臭氧,O3,ppb,2019-09-18,68.7
77,金門,4,懸浮微粒,PM10,μg/m3,2019-09-18,55
77,金門,5,氮氧化物,NOx,ppb,2019-09-18,6.16
77,金門,6,一氧化氮,NO,ppb,2019-09-18,.29
77,金門,7,二氧化氮,NO2,ppb,2019-09-18,5.82
77,金門,10,風速,WIND_SPEED,m/sec,2019-09-18,3.96
77,金門,14,溫度,AMB_TEMP,℃,2019-09-18,29.49
77,金門,21,酸雨,PH_RAIN,pH,2019-09-18,0
77,金門,22,導電度,RAIN_COND,μmho/cm,2019-09-18,0
77,金門,32,降雨強度,RAIN_INT,㎜,2019-09-18,0
77,金門,33,細懸浮微粒,PM2.5,μg/m3,2019-09-18,23
77,金門,38,相對濕度,RH,percent,2019-09-18,51.77
77,金門,143,小時風速值,WS_HR,m/sec,2019-09-18,3.38
78,馬公,1,二氧化硫,SO2,ppb,2019-09-18,1.3
78,馬公,2,一氧化碳,CO,ppm,2019-09-18,.23
78,馬公,3,臭氧,O3,ppb,2019-09-18,60.1
78,馬公,4,懸浮微粒,PM10,μg/m3,2019-09-18,44
78,馬公,5,氮氧化物,NOx,ppb,2019-09-18,x
78,馬公,6,一氧化氮,NO,ppb,2019-09-18,x
78,馬公,7,二氧化氮,NO2,ppb,2019-09-18,x
78,馬公,10,風速,WIND_SPEED,m/sec,2019-09-18,8.17
78,馬公,14,溫度,AMB_TEMP,℃,2019-09-18,27.81
78,馬公,21,酸雨,PH_RAIN,pH,2019-09-18,0
78,馬公,22,導電度,RAIN_COND,μmho/cm,2019-09-18,0
78,馬公,32,降雨強度,RAIN_INT,㎜,2019-09-18,0
78,馬公,33,細懸浮微粒,PM2.5,μg/m3,2019-09-18,16
78,馬公,38,相對濕度,RH,percent,2019-09-18,80.4
78,馬公,143,小時風速值,WS_HR,m/sec,2019-09-18,7.09
80,關山,1,二氧化硫,SO2,ppb,2019-09-18,1
80,關山,3,臭氧,O3,ppb,2019-09-18,35
80,關山,4,懸浮微粒,PM10,μg/m3,2019-09-18,36
80,關山,5,氮氧化物,NOx,ppb,2019-09-18,3.9
80,關山,6,一氧化氮,NO,ppb,2019-09-18,.64
80,關山,7,二氧化氮,NO2,ppb,2019-09-18,3.21
80,關山,10,風速,WIND_SPEED,m/sec,2019-09-18,1.96
80,關山,14,溫度,AMB_TEMP,℃,2019-09-18,27.11
80,關山,33,細懸浮微粒,PM2.5,μg/m3,2019-09-18,13
80,關山,38,相對濕度,RH,percent,2019-09-18,70.33
80,關山,143,小時風速值,WS_HR,m/sec,2019-09-18,1.49
83,麥寮,1,二氧化硫,SO2,ppb,2019-09-18,3.3
83,麥寮,2,一氧化碳,CO,ppm,2019-09-18,.22
83,麥寮,3,臭氧,O3,ppb,2019-09-18,46.8
83,麥寮,4,懸浮微粒,PM10,μg/m3,2019-09-18,159
83,麥寮,5,氮氧化物,NOx,ppb,2019-09-18,8.87
83,麥寮,6,一氧化氮,NO,ppb,2019-09-18,1.96
83,麥寮,7,二氧化氮,NO2,ppb,2019-09-18,6.91
83,麥寮,8,總碳氫化合物,THC,ppm,2019-09-18,1.91
83,麥寮,9,非甲烷碳氫化合物,NMHC,ppm,2019-09-18,.037
83,麥寮,10,風速,WIND_SPEED,m/sec,2019-09-18,6.99
83,麥寮,14,溫度,AMB_TEMP,℃,2019-09-18,27.29
83,麥寮,31,甲烷,CH4,ppm,2019-09-18,1.874
83,麥寮,33,細懸浮微粒,PM2.5,μg/m3,2019-09-18,19
83,麥寮,38,相對濕度,RH,percent,2019-09-18,71.77
83,麥寮,143,小時風速值,WS_HR,m/sec,2019-09-18,5.96
84,富貴角,1,二氧化硫,SO2,ppb,2019-09-18,.5
84,富貴角,2,一氧化碳,CO,ppm,2019-09-18,.12
84,富貴角,3,臭氧,O3,ppb,2019-09-18,57.4
84,富貴角,4,懸浮微粒,PM10,μg/m3,2019-09-18,57
84,富貴角,5,氮氧化物,NOx,ppb,2019-09-18,1.01
84,富貴角,6,一氧化氮,NO,ppb,2019-09-18,.08
84,富貴角,7,二氧化氮,NO2,ppb,2019-09-18,1.02
84,富貴角,8,總碳氫化合物,THC,ppm,2019-09-18,1.867
84,富貴角,9,非甲烷碳氫化合物,NMHC,ppm,2019-09-18,.004
84,富貴角,10,風速,WIND_SPEED,m/sec,2019-09-18,9.41
84,富貴角,14,溫度,AMB_TEMP,℃,2019-09-18,26.95
84,富貴角,31,甲烷,CH4,ppm,2019-09-18,1.863
84,富貴角,33,細懸浮微粒,PM2.5,μg/m3,2019-09-18,17
84,富貴角,38,相對濕度,RH,percent,2019-09-18,74.56
84,富貴角,143,小時風速值,WS_HR,m/sec,2019-09-18,9.2
